Culture Old,Culture New,All_cid,B#,Author,Year,Source Title,Publication/Collection/Journal,Repository,Publisher,Location of Publication,Source Tag,Archival source,Citation (APA),Notes
CHAGGA,Chagga,13388,B-27-C,William Louis Abbott,1892,"Descriptive catalogue of the Abbott collection of ethnological objects from Kilima-njaro, East Africa",,,U.S. Government Publishing Office,"Washington, D.C.",,,"Abbott, W. L. (1892). Descriptive catalogue of the Abbott collection of ethnological objects from Kilima-njaro, East Africa. Washington: U.S. Government Publishing Office.",
YORUBA,Yoruba,29107,B-34-A,Ajayi Kolawole Ajisafe,1924,The Laws and Customs of the Yoruba People,,,"George Routledge & Sons, Ltd.","London, UK",,,"Ajisafe, A. K. (1924). The Laws and Customs of the Yoruba People. London: George Routledge & Sons, Ltd.",
N RUMANIA,Maramureș,30090,B-69,Tiberiu Alexandru,1959,Anthology Of Rumanian Folk Music Vol. II [Liner Notes],"Anthology Of Rumanian Folk Music Vol. II, 
Electrecord ‎– EPD 1015-1017",,Electrecord,"Bucharest, Romania",,7C70,"Alexandru, T. (1959). [Liner notes]. Anthology Of Rumanian Folk Music Vol. II. Bucharest: Electrerecord.",
S RUMANIA,,,B-69,Tiberiu Alexandru,1959,Anthology Of Rumanian Folk Music Vol. II [Liner Notes],"Anthology Of Rumanian Folk Music Vol. II, 
Electrecord ‎– EPD 1015-1017",,Electrecord,"Bucharest, Romania",,7C70,"Alexandru, T. (1959). [Liner notes]. Anthology Of Rumanian Folk Music Vol. II. Bucharest: Electrerecord.",
WOLOF,Wolof,28744,B-6,David Ames,1955,Wolof Music of Senegal and the Gambia [Liner notes],"Wolof Music of Senegal and the Gambia. Ethnic Folkways Library. P462, 1955","Ralph Rinzler Folklife Archives and Collections, Smithsonian Center for Folklife and Cultural Heritage. http://www.folklife.si.edu/archive; Copy in Alan Lomax Collection, American Folklife Center, Library of Congress",Smithsonian Folkways,"Washington, D.C.",@FW1955WolofMusicSenegalGambia,4A10,"Ames, D. (1955). [Liner notes]. Wolof Music of Senegal and the Gambia. Folkways Records. In Ralph Rinzler Folklife Archives and Collections, Smithsonian Center for Folklife and Cultural Heritage. Retrieved from https://folkways.si.edu/wolof-music-of-senegal-and-the-gambia/world/album/smithsonian",
EGYPT,Fellahin,15291,B-41-A,Hamed Ammar,1954,Growing Up in an Egyptian Village,,,Grove Press,"New York, NY",,,"Ammar, H. (1954). Growing Up in an Egyptian Village. New York: Grove Press.",
MAORI,Maori,20835,,Johannes C. Andersen,1934,"Maori music, with its Polynesian background","Memoirs of the Polynesian Society, 10",,,"New Plymouth, NZ",,,"Anderson, J. (1934). Maori music, with its Polynesian background. Memoirs of the Polynesian Society, 10.",
BRI URB BAR,,,B-76-B,Willi Apel,1960,Harvard Dictionary of Music,,,Harvard University Press,"Cambridge, MA",,,"Apel, W. (1960). Harvard Dictionary of Music. Cambridge: Harvard University Press",
GOAJIRO,Wayuu,15973,B-52-C,John M. Armstrong & Alfred Mitraux,1948,The Goajiro,Handbook of South American Indians Vol IV: The Circum-Caribbean Tribes,,Smithsonian Institution,"Washington, D.C.",,,"Armstrong, J. M & Mitraux, A. (1948). The Goajiro. In J. H. Steward (Ed.), Handbook of South American Indians Vol IV: The Circum-Caribbean Tribes. Washington, D.C.: Smithsonian Institution.",
EGYPT,Fellahin,15291,B-41-C,Henry Habib Ayrout,1945,The Fellaheen,,,R. Schindler,"Cairo, Egypt",,,"Ayrout, H. H. (1945). The Fellaheen. Cairo: R. Schindler.",
M GREECE,,,,Anthony Baines,1960,Bagpipes,"Occasional Papers on Technology, 9",,Oxford University Press,"Oxford, UK",,,"Baines, A. (1960). Bagpipes. Occasional Papers on Technology, 9. Oxford: Oxford University Press.",
CAYAPA,Chachi,13300,,Samuel Barrett,1925,The Cayapa Indians of Ecuador,"Vol. 40, Indian Notes and Monographs",,"Museum of the American Indian, Heye Foundation","New York, NY",,,"Barrett, S. A. (1925). The Cayapa Indians of Ecuador (Vol. 40, Indian Notes and Monographs). New York: Museum of the American Indian, Heye Foundation.",
TURKMAN,Turkmen,27743,,Vladimir Beliaev,1927,Turkomangan Music,Pro Musica V,,,,,,"Beliaev, V. (1927). Turkomangan Music. Pro Musica, 5.",
TIBET,Tibetans,27028,B-38-D,Sir Charles Bell,1928,The People of Tibet,,,Clarendon Press,"Oxford, UK",,,"Bell, C. (1928). The People of Tibet. Oxford: Clarendon Press.",
TARAHUMARA,Rarámuri,26599,,Wendell Bennett & Robert Zingg,1935,"The Tarahumara, an Indian tribe of northern Mexico",,,University of Chicago Press,"Chicago, IL",,,"Bennett, W. C., & Zingg, R. M. (1935). The Tarahumara, an Indian tribe of northern Mexico. Chicago: Univ. Chicago Press.",
N INDIA,Kashmiri Dards,18173,,E. Bhavnain,1962,Folk Music of Kashmir [Liner notes],"Folk Music of Kashmir. Folkways Records FE4350, 1962","Ralph Rinzler Folklife Archives and Collections, Smithsonian Center for Folklife and Cultural Heritage. http://www.folklife.si.edu/archive; Copy in Alan Lomax Collection, American Folklife Center, Library of Congress",Smithsonian Folkways,"Washington, D.C.",@FW1962FolkMusicOfKashmir,2C44,"Bhavnain, E. (1962). [Liner notes]. Folk Music of Kashmir. Folkways Records. In Ralph Rinzler Folklife Archives and Collections, Smithsonian Center for Folklife and Cultural Heritage. Retrieved from https://folkways.si.edu/folk-music-of-kashmir/world/album/smithsonian",
CARIBOUESK,Kivallirmiut,13190,,Kaj Birket-Smith,1945,Ethnographical Collections from the Northwest Passage,"Report of the Fifth Thule Expedition 1921-29, Vol. VI, no.2",,Gyldendalske Boghandel,"Copenhagen, Denmark",,,"Birket-Smith, K. (1945). Ethnographical Collections from the Northwest Passage. Report of the Fifth Thule Expedition 1921-29, 6(2). Copenhagen: Gyldendalske Boghandel.",
EGYPT,Fellahin,15291,B-41-B,Winifred Susan Blackman,1927,"The Fellahin of Upper Egypt: their religious, social and industrial life to-day, with special reference to survivals from ancient times",,,Harrap,"London, UK",,,"Blackman, W. S. (1927). The Fellahin of Upper Egypt: their religious, social and industrial life to-day, with special reference to survivals from ancient times. London: Harrap.",
BUKA,Buka,30041,B-50-A,Beatrice Blackwood,1935,"Both Sides of the Buka Passage: An ethnographic study of Social, Sexual and Economic Questions in the Northwestern Solomon Islands",,,Clarendon Press,"Oxford, UK",,,"Blackwood, B. (1935). Both Sides of the Buka Passage: An ethnographic study of Social, Sexual and Economic Questions in the Northwestern Solomon Islands. Oxford: Clarendon Press.",
CHUKCHEE,Chaunsky Chuckchi,13850,B-43-A,Vladimir Germanovich Bogoras-Tan,1909,"The Chukchee: Material Culture, Parts 1-3","Memoirs of the American Museum of Natural History, Vol. II",,American Museum of Natural History,"New York, NY",,,"Bogoras-Tan, V.G. (1909). The Chukchee: Material Culture, Parts 1-3. Memoirs of the American Museum of Natural History, 2. New York: Museum of Natural History.",
GOAJIRO,Wayuu,15973,B-52-B,Gustaf Bolinder,1957,Indians on Horseback,,,Dennis Dobson,"London, UK",,,"Bolinder, G. (1957) Indians on Horseback. London: Dennis Dobson.",
KOREA,Village S Korea,24564,,J. L. Boots,1940,Korean Musical Instruments,Transactions of the Korea Branch of the Royal Asiatic Society XXX,,,"Seoul, South Korea",,,"Boots, J. L. (1940). Korean Musical Instruments. Transactions of the Korean Branch of the Royal Asiatic Society, 30, 1-32.",
CARIBOUESK,Kivallirmiut,13190,,Laura Boulton & Henry Cowell,1955,The Eskimos of Hudson Bay and Alaska [Liner notes],"The Eskimos of Hudson Bay and Alaska. Ethnic Folkways Library FE 4444, 1954","Ralph Rinzler Folklife Archives and Collections, Smithsonian Center for Folklife and Cultural Heritage. http://www.folklife.si.edu/archive; Copy in Alan Lomax Collection, American Folklife Center, Library of Congress; All rights held by Columbia University",Smithsonian Folkways,"Washington, D.C.",@FW1955EskimosHudsonBayAlaska,1B9,"Boulton, L. & Cowell, H.  (1955). [Liner notes]. In The Eskimos of Hudson Bay and Alaska. Folkways Records. In Ralph Rinzler Folklife Archives and Collections, Smithsonian Center for Folklife and Cultural Heritage. Retrieved from https://folkways.si.edu/the-eskimos-of-hudson-bay-and-alaska/american-indian/music/album/smithsonian",
SAMOA,Samoa,24795,,Peter Henry Buck,1930,Samoan Material Culture,"B. P. Bishop Museum Bulletin, 75",,B. P. Bishop Museum,"Honolulu, HI",,,"Buck, P. H. (1930). Samoan Material Culture. B. P. Bishop Museum Bulletin, 75.",
FR URB BAR,,,B-77-A,Manfred Bukofzer,1947,Music in the Baroque Era,,,W. W. Norton & Co.,"New York, NY",,,"Bukofzer, M. (1947). Music in the Baroque Era. New York: W. W. Norton & Co.",
GER URB BAR,,,B-78-C,Manfred Bukofzer,1947,Music in the Baroque Era,,,W. W. Norton & Co.,"New York, NY",,,"Bukofzer, M. (1947). Music in the Baroque Era. New York: W. W. Norton & Co.",
ZUNI,A:shiwi (Zuni),29371,B-60-C,Ruth Bunzel,1932,Introduction to Zuni Ceremonialism,U.S. Bureau of American ethnology. Fourty-seventh annual report.,,U.S. Government Publishing Office,"Washington, D.C.",,,"Bunzel, R. (1932). Introduction to Zuni Ceremonialism. U.S. Bureau of American ethnology. Fourty-seventh annual report. Washington, D.C.: U.S. Government Publishing Office.",
GEORGIA,Kakheti,15797,B-29-A,Arthur Byhan,1926,The Caucasian Peoples,"Illustriete Volkerkunde, Vol. 2 pt. 2",,,"Stuttgart, Germany",,,"Byhan, A. (1926). The Caucasian Peoples. Illustriete Volkerkunde, 2(2).",
DOGON,Dogon,14675,B-2,Genevieve Calame-Griaule & Blaise Calame,1956,Scènes de la vie des Dogon [Liner notes],"Scènes de la vie des Dogon. Les Trésors de l'Art Musical Populaire. Résonances RÉS9, 1970","Sound Archives of the CNRS & the Musée de l'Homme, Centre de Recherche en Etnomusicologie, http://archives.crem-cnrs.fr/; Copy in Alan Lomax Collection, American Folklife Center, Library of Congress",Résonances,"Paris, France",@LTAMP1956ScenesDeLaVieDesDogon,4A15,"Calame-Griaule, G. & Calame, B. (1956). [Liner notes]. Scènes de la vie des Dogon. Les Trésors de l'Art Musical Populaire. Paris: Résonances. In Sound Archives of the CNRS & the Musée de l'Homme, Centre de Recherche en Etnomusicologie. Retrieved from https://archives.crem-cnrs.fr/archives/collections/CNRSMH_E_1965_011_001/",
MOROCCO GEN,Moroccan Berbers,21737,,Alexis Chottin,1939,Tableau de la musique marocaine,,,P. Geuthner,"Paris, France",,,"Chottin, A. (1939). Tableau de la musique marocaine. Paris: P. Geuthner.",
YORUBA,Yoruba,29107,B-34-B,John Digby Clarke,1944,Three Yoruba Fertility Ceremonies,Journal of the Royal Anthropological Institute of Great Britain and Ireland -- Vol. 74,,,"London, UK",,,"Clarke, J. D. (1944). Three Yoruba Fertility Ceremonies. Journal of the Royal Anthropological Institute of Great Britain and Ireland, 74, 91-96.",
WEST FRANCE,Brittany,12607,B-36-B,Francis Coleman,1957,Songs and Dances of Brittany [Liner notes],"Songs and Dances of Brittany. Folkways Records FM 4014, 1957","Ralph Rinzler Folklife Archives and Collections, Smithsonian Center for Folklife and Cultural Heritage. http://www.folklife.si.edu/archive; Copy in Alan Lomax Collection, American Folklife Center, Library of Congress",Smithsonian Folkways,"Washington, D.C.",@FW1957SongsAndDancesOfBrittany,7B33,"Coleman, F. (1957). [Liner notes]. Songs and Dances of Brittany. Folkways Records. In Ralph Rinzler Folklife Archives and Collections, Smithsonian Center for Folklife and Cultural Heritage. Retrieved from https://folkways.si.edu/conan-family/songs-and-dances-of-brittany/world/music/album/smithsonian",
FR URB BAR,,,B-77-D,Paul Collaer & Albert Vander Linden,1960,Atlas Historique de la Musique,,,Les Editions et Ateliers d'Art Graphique Elsevier,"Brussels, Belgium",,,"Collaer, P. & Vander Linden, A. (1960). Atlas Historique de la Musique. Brussels: Les Editions et Ateliers d'Art Graphique Elsevier.",
GER URB BAR,,,B-78-A,Paul Collaer & Albert Vander Linden,1960,Atlas Historique de la Musique,,,Les Editions et Ateliers d'Art Graphique Elsevier,"Brussels, Belgium",,,"Collaer, P. & Vander Linden, A. (1960). Atlas Historique de la Musique. Brussels: Les Editions et Ateliers d'Art Graphique Elsevier.",
RUANDA,Hutu,11375,B-13-B,Paul Collaer & Albert Vander Linden,1960,Atlas Historique de la Musique,,,Les Editions et Ateliers d'Art Graphique Elsevier,"Brussels, Belgium",,,"Collaer, P. & Vander Linden, A. (1960). Atlas Historique de la Musique. Brussels: Les Editions et Ateliers d'Art Graphique Elsevier.",
TIBET,Tibetans,27028,B-38-I,G. A. Combe,1926,A Tibetan on Tibet,,,T. Fisher Unwin Ltd.,"London, UK",,,"Combe, G. A. (1926). A Tibetan on Tibet. London: T. Fisher Unwin Ltd.",
MNONG GAR,Mnong,21506,B-63,Georges Condominas,1957,Nous Avons Mangea La Foret,,,Mercure de France,"Paris, France",,,"Condominas, G. (1957). Nous Avons Mange La Foret. Paris: Mercure de France.",
HANUNOO,Hanunoo,16545,,Harold C. Conklin,1953,Hanunóo Music from the Philippines. [Liner notes],"Hanunoo Music from the Philippines. Folkways Records FE466, 1955","Ralph Rinzler Folklife Archives and Collections, Smithsonian Center for Folklife and Cultural Heritage. http://www.folklife.si.edu/archive; Copy in Alan Lomax Collection, American Folklife Center, Library of Congress",Smithsonian Folkways,"Washington, D.C.",@FW1953HanunooMusic,3A27,"Conklin, H. & Maceda, J. (1953). [Liner notes]. Hanunóo Music from the Philippines. Folkways Records. In Ralph Rinzler Folklife Archives and Collections, Smithsonian Center for Folklife and Cultural Heritage. Retrieved from https://folkways.si.edu/hanunoo-music-from-the-philippines/world/album/smithsonian",
MOSQUITO,Miskito,21440,B-46-A,Eduard Conzemius,1932,Ethnographical Survey of the Miskito & Sumu Indians of Honduras and Nicaragua,,,Smithsonian Institution,"Washington, D.C.",,,"Conzemius, E. (1932). Ethnographical Survey of the Miskito & Sumu Indians of Honduras and Nicaragua. Washington, D.C: Smithsonian Institution.",
RIF,Riffians,30150,B-72-A,Carleton Stevens Coon,1931,Tribes of the Rif,"Harvard African Studies, Vol. 9",,Peabody Museum,"Cambridge, MA",,,"Coon, C. S. (1931). Tribes of the Rif. Harvard African Studies, 9. Cambridge: Peabody Museum.",
ARAUCANIANS,Mapuche,10814,,John M. Cooper,1946,The Araucanians,Handbook of South American Indians Vol II: The Andean Civilizations.,,Smithsonian Institution,"Washington, D.C.",,,"Cooper, J. M. (1946). The Araucanians. In J. H. Steward (Ed.), Handbook of South American Indians Vol II: The Andean Civilizations. Washington, D.C.: Smithsonian Institution.",
VIETNAM,Kinh (Vietnamese),28271,B-70-6,Georges Coulet,1926,L'organisation matérielle du theatre populaire chez les Annamites [The Material Organization of the Popular Theater Among the Annamese],,,Imprimerie Commerciale C. Ardin,"Ho Chi Minh City, Vietnam",,,"Coulet, G. (1926). L'organisation matérielle du theatre populaire chez les Annamites. Ho Chi Minh City: Imprimerie Commerciale C. Ardin. (See also translation: The material organization of the popular theater among the Annamese. (1954). L. Greene, trans. New Haven: HRAF).",
AMHARA,Amhara,10495,,Harold Courlander,1944,Notes from an Abyssinian Diary,"Musical Quarterly XXX, issue 3",,,,,,"Courlander, H. (1944). Notes from an Abyssinian Diary. Musical Quarterly, 30(3), 345–355.",
AMHARA,Amhara,10495,,Harold Courlander,1951,Folk Music of Ethiopia [Liner notes],"Folk Music of Ethiopia. Folkways Records. FE4405, 1951","Ralph Rinzler Folklife Archives and Collections, Smithsonian Center for Folklife and Cultural Heritage. http://www.folklife.si.edu/archive; Copy in Alan Lomax Collection, American Folklife Center, Library of Congress",Smithsonian Folkways,"Washington, D.C.",@FW1951FolkMusicOfEthiopia,4A28,"Courlander, H. (1951). [Liner notes]. Folk Music of Ethiopia. Folkways Records. In Ralph Rinzler Folklife Archives and Collections, Smithsonian Center for Folklife and Cultural Heritage. Retrieved from https://folkways.si.edu/folk-music-of-ethiopia/islamica-world/album/smithsonian",
HAITI,Haiti,16446,,Harold Courlander,1960,The Drum and the Hoe: Life and Lore of the Haitian People,,,University of California Press,"Berkeley, CA and Los Angeles, CA",,,"Courlander, H. (1960). The Drum and the Hoe: Life and Lore of the Haitian People. Berkeley and Los Angeles: University of California Press.",
KRAHO CANELA,Canela Krahô,19064,B-74,William Crocker,1964,Recording notes for William H. Crocker Recordings of the Canela,"William Henry Crocker Papers, Sound Recordings.","National Anthropological Archives, Smithsonian Institution.",Previously Unpublished,,,T1666,"Crocker, W. (1964). [Recording notes]. William H. Crocker Recordings of the Canela. In William Henry Crocker Papers, Sound Recordings, National Anthropological Archives, Smithsonian Institution.",
WASHO,Waashiw,28524,B-80,Warren d'Azevedo,1964,"Washo, Paiute, and Shoshone Songs [Recording notes].",Warren L. d'Azevedo Collection,"Copy in Alan Lomax Collection, American Folklife Center, Library of Congress",Previously unpublished,,,T1746,"d'Azevedo, W. (1964). [Recording notes]. Washo, Paiute, and Shoshone Songs. Warren L. d'Azevedo Collection.  In Alan Lomax Collection, American Folklife Center, Library of Congress.",
N INDIA,,,,Alain Danielou,1952,A Catalogue of recorded classical and traditional Indian music,Archives of recorded music [6],,UNESCO,"Paris, France",,,"Danielou, A. (1952). A Catalogue of recorded classical and traditional Indian music. Archives of recorded music, 6. Paris: UNESCO.",
LAOS,Lao,19691,B-22-A,Alain Danielou,1953,Laos [Liner notes],"A Musical Anthology of the Orient: Laos. UNESCO Collection BM30 L2001, 1961","Fondación Inde-Europe de Nouveaux Dialogues; Copy in Alan Lomax Collection, American Folklife Center, Library of Congress",UNESCO; Bärenreiter-Musicaphon,Germany,@MAO1953Laos,2A30,"Danielou, A. (1953). [Liner notes]. Laos. Musical Anthology of the Orient series. UNESCO Collection of Traditional Music of the World. Bärenreiter-Musicaphon. ",
PERSIA,Iran,17249,,Alain Danielou,1960,"A Musical Anthology of the Orient. The Music of Iran, II [Liner notes]","A Musical Anthology of the Orient. The Music of Iran, II. Barenreiter BM 30 L 2003 ","Fondación Inde-Europe de Nouveaux Dialogues; Copy in Alan Lomax Collection, American Folklife Center, Library of Congress",,,@MAO2005IranII,2C48,"Danielou, A. (1960). [Liner notes]. Iran II: Classical Modal Music. Musical Anthology of the Orient series. Bärenreiter-Musicaphon. ",
TIBET,Tibetans,27028,B-38-F,Sarat-Chardra Das,1902,Journey to Lhasa and Central Tibet,,,John Murray,"London, UK",,,"Das, S. (1902). Journey to Lhasa and Central Tibet. Ed. W. W. Rockhill. London: John Murray.",
TETON DAKOTA,Lakota,26940,,Frances Densmore,1918,Teton Sioux Music,,,U.S. Government Publishing Office,"Washington, D.C.",,,"Densmore, F. (1918). Teton Sioux Music. Washington, D.C.: U.S. Government Publishing Office.",
UTE,Uintah Ute,62526,,Frances Densmore,1922,Northern Ute Music,Bureau of American Ethnology Bulletin 75,,Smithsonian Institution,"Washington, D.C.",,,"Densmore, F. (1922). Northern Ute music. Bureau of American Ethnology Bulletin. 75, 1–213.",
CUNA,Guna,14235,B-55-D,Frances Densmore,1926,Music of the Tule Indians of Panama,"Smithsonian Miscellaneous Collections, Vol. 77, no. 11",,Smithsonian Institution,"Washington, D.C.",,,"Densmore, F. (1926). Music of the Tule Indians of Panama. Smithsonian Miscellaneous Collections, 77(11).",
PAPAGO,Tohono O’odham,23420,,Frances Densmore,1929,Papago Music,,,U.S. Government Publishing Office,"Washington, D.C.",,,"Densmore, F. (1929). Papago Music. Washington, D.C.: U.S. Government Publishing Office.",
YAQUI,Yaqui,28986,,Frances Densmore,1932,Yuman and Yaqui Music,Bureau of American Ethnology Bulletin 110,,Smithsonian Institution,"Washington, D.C.",,,"Densmore, F. (1932). Yuman and Yaqui music. Bureau of American Ethnology Bulletin, 110, 1–216.",
CHEYENNE,Heévâhetaneo'o,13553,,Frances Densmore,1936,Cheyenne and Arapaho Music,Southwest Museum Papers 10,Southwest Museum,,"Los Angeles, CA",,,"Densmore, F. (1936).Cheyenne and Arapaho Music. Southwest Museum Papers 10.",
SANTODOMINGO,,,,Frances Densmore,1938,"Music of Santo Domingo Pueblo, New Mexico",Southwest Museum Papers 12,Southwest Museum,,"Los Angeles, CA",,,"Densmore, F. (1938). Music of Santo Domingo Pueblo, New Mexico. Southwest Museum Papers, 12.",
DOGON,Dogon,14675,B-2,Francois Di Dio,1958,"Les Dogon : les chants de la vie, le rituel funéraire [Liner notes]","Les Dogon: Record I, Les Chants de la Vie: Record II. Radio Diffusion de la France d'Outre Mer 143, 1958","Sound Archives of the CNRS & the Musée de l'Homme, Centre de Recherche en Etnomusicologie, http://archives.crem-cnrs.fr/; Copy in Alan Lomax Collection, American Folklife Center, Library of Congress",Exemplaire,"Paris, France",@RFO1958DogonI,4A45,"Di Dio, F.  (1958). [Liner notes]. Les Dogon : les chants de la vie, le rituel funéraire. Paris: Radio France Outre Mer. In Sound Archives of the CNRS & the Musée de l'Homme, Centre de Recherche en Etnomusicologie. Retrieved from https://archives.crem-cnrs.fr/archives/collections/CNRSMH_E_1958_001_001/",
BEDOUIN,,,,Harold Richard Patrick Dickson,1949,The Arab of the Desert: A Glimpse into Badawin Life in Kuwait and Sa'udi Arabia,,,George Allen & Unwin,"London, UK",,,"Dickson, H. R. P. (1949). The Arab of the Desert: A Glimpse into Badawin Life in Kuwait and Sa'udi Arabia. London: George Allen & Unwin.",
SAMOYEDE,Nenet,24806,B-48-A,Kai Donner,1926,Among the Samoyed in Siberia,,,Strecker und Schroder,"Stuttgart, Germany",,,"Donner, K. (1926). Among the Samoyed in Siberia. Stuttgart: Strecker und Schroder.",
BASQUE,Spanish Basques,11804,B-75,José Antonio de Donostia,1952,Instrumento musicales de pueblo Vasco,"Anuario Musical del Instituto Espanol de Musicologia, VII",,,"Barcelona, Spain",,,"Donostia, J. A. (1952). Instrumento musicales de pueblo Vasco. Anuario Musical del Instituto Espanol de Musicologia, 7.",
VIETNAM,Kinh (Vietnamese),28271,B-70-11,Roland Dorgeles,1925,Sur la route mandarine,,,Albin Michel,"Paris, France",,,"Dorgeles, R. (1925). Sur la route mandarine. Paris: Albin Michel.",
KOREA,Village S Korea,24564,,Andre Eckardt,1930,Koreanische Musik,,,Deutsche Gesellschaft für Natur- u. Völkerkunde Ostasiens,"Tokyo, Japan",,,"Eckardt, A. (1930). Koreanische Musik. Tokyo: Deutsche Gesellschaft für Natur- u. Völkerkunde Ostasiens.",
N AUSTRALIA,,,,"A, P. Elkin & Trevor Jones",1957,Arnhem Land Music,Oceania Monographs #9,,The University of Sydney & Australasian Medical Publishing Co. Inc.,"Sydney, Australia",,,"Elkin, A. P. & Jones, T. (1957). Arnhem Land Music. Oceania Monographs #9. Sydney: The University of Sydney & Australasian Medical Publishing Co. Inc.",
GOND,Muria Gond,21924,,Verrier Elwin,1947,The Muria and their Ghetul,,,Oxford University Press,"London, UK",,,"Elwin, V. (1947). The Muria and their Ghetul. London: Oxford University Press",
DUSUN,Dusun,14840,,Ivor H. N Evans,1922,"Among Primitive Peoples in Borneo: A Description of the Lives, Habits and Customs of the Piratical Head-Hunters of North Borneo",,,"Seeley, Service and Co.","London, UK",,,"Evans, I. (1922). Among Primitive Peoples in Borneo: A Description of the Lives, Habits and Customs of the Piratical Head-Hunters of North Borneo. London: Seeley, Service and Co.",
DUSUN,Dusun,14840,,Ivor H. N Evans,1923,"Religion, Folklore and Custom in North Borneo and the Malay Peninsula",,,Cambridge University Press,"Cambridge, UK",,,"Evans, I. (1923). Religion, Folklore and Custom in North Borneo and the Malay Peninsula. Cambridge: Cambridge University Press.",
SEMANG,Unspecified Semang,30168,,Ivor H. N Evans,1937,The Negritos of Malaya,,,Cambridge University Press,"Cambridge, UK",,,"Evans, I. (1937). The Negritos of Malaya. Cambridge: Cambridge University Press",
DUSUN,Dusun,14840,,Ivor H. N Evans,1953,The Religion of the Tempasuk Dusuns of North Borneo,,,Cambridge University Press,"Cambridge, UK",,,"Evans, I. (1953). The Religion of the Tempasuk Dusuns of North Borneo. Cambridge: Cambridge University Press.",
YAGUA,Yagua,28843,,Paul Fejos,1943,Ethnography of the Yagua,"Viking Fund Publications in Anthropology, No. 1",,Viking Fund,"New York, NY",,,"Fejos, P. (1943). Ethnography of the Yagua. Viking Fund Publications in Anthropology, 1. New York: The Viking Fund.",
IROQUOIS,Haudenosaunee,17282,,William N. Fenton,1942,Songs from the Iroqouis Longhouse [Liner notes],"Songs from the Iroquois Longhouse. Archive of American Folk Song AFS L6, 1942","Archive of Folk Culture, American Folklife Center, Library of Congress; Copy in Alan Lomax Collection, American Folklife Center, Library of Congress",Library of Congress,"Washington, D.C.",@AFS1942Iroquois,1B11,"Fenton, W. (1942). [Liner notes]. Songs from the Iroquois Longhouse. Archive of Folk Song, Library of Congress. Retrieved https://www.loc.gov/folklife/LP/Iroquois_L6_opt.pdf",
TIKOPIA,Tikopia,27083,,Raymond Firth,1940,The Work of the Gods in Tikopia,"Monographs on social anthropology, no.1-2",,London school of economics and political science,"London, UK",,,"Firth, R. (1940). The Work of the Gods in Tikopia. Monographs on social anthropology, 1-2. London: London school of economics and political science.",
MARQUESAS,Marquesas,20901,,Hans Fischer,1958,"Schallgerate in Ozeanien : Bau und Spieltechnik, Verbreitung und Funktion","Sammlung musikwissenschaftlicher Abhandlungen, 36",,Editions P.H. Heitz,"Strasbourg, France",,,"Fischer, H. (1958). Schallgerate in Ozeanien : Bau und Spieltechnik, Verbreitung und Funktion. Sammlung musikwissenschaftlicher Abhandlungen, 36. Strasbourg: Editions P.H. Heitz.",
TETON,Omaha,,,Alice C. Fletcher & Francis La Flesche,1911,The Omaha Tribe,27th Annual report of the Bureau of American Ethnology,,,"Washington, D.C.",,,"Fletcher, A. & La Flesche, F. (1911). The Omaha Tribes. Washington: 27th Annual report of the Bureau of American Ethnology.",
TOMA,Loma,27314,B-21,Pierre Gaisseau; Jean Fiechter; Tony Saulnier,1955,Guinée : musique Toma [Liner notes],"Guinée Française: Musique Toma. Contrepoint M.C. 20.097, 1955","Sound Archives of the CNRS & the Musée de l'Homme, Centre de Recherche en Etnomusicologie, http://archives.crem-cnrs.fr/; Copy in Alan Lomax Collection, American Folklife Center, Library of Congress",Vogue Contrepoint,"Paris, France",@CNRS1955GuineeToma,4A3,"Gaisseau, P., Fichtet, J. & Saulnier, T. (1955). [Liner notes]. Guinée : musique Toma. Département d'ethnomusicologie, CNRS, Musée de l'Homme, Paris. In Sound Archives of the CNRS & the Musée de l'Homme, Centre de Recherche en Etnomusicologie. Retrieved from https://archives.crem-cnrs.fr/archives/collections/CNRSMH_E_1955_009_001/",
TSIMSHIAN,Tsimshian,27523,,Viola E Garfield; Paul S Wingert; Marius Barbeau,1951,The Tsimshian: Their Arts and Music,"Publications of the American Ethnological Society, 18",,J.J. Augustin,"New York, NY",,,"Garfield, V. E., Wingert, P. & Barbeau, M. (1951). The Tsimshian: Their Arts and Music. Publications of the American Ethnological Society, 18. New York: J.J. Augustin.",
ABELAM,Abelam,10033,B-16,Ernest Thomas Gilliard & Margaret Gilliard,1963,Recording notes from New Guinea - Abelam tapes,"Anthony Forge Papers, 1908-1991","Mandeville Special Collections Library, University of California, San Diego; Copy in Alan Lomax Collection, American Folklife Center, Library of Congress",Previously unpublished,,,T1542,"Gillard, E. T. & Gilliard, M. (1963). [Recording notes]. New Guinea - Abelam tapes. In Anthony Forge papers. MSS 411. Special Collections & Archives, UC San Diego Library.","Instrument bibliography lists the Gilliards as the authors, but these recordings are by Anthony Forge. Unsure whether this is an error or not."
TRUK,Truk,27490,B-82-2,Thomas Gladwin & Seymour B. Sarason,1953,Truk: Man in Paradise,Viking Fund Publications in Anthropology #20,,Wenner-Gren Foundation,"New York, NY",,,"Gladwin, T. & Sarason, S. B. (1953). Truk: Man in Paradise. Viking Fund Publications in Anthropology, 20. New York: Wenner-Gren Foundation.",
HUPA,Natinixwe,16930,,Pliny Goddard,1903-04,Life and Culture of the Hupa,"University of California Publications in American Archaeology & Ethnology Vol. 1, no. 1",,University of California Press,"Berkeley, CA",,,"Goddard, P. (1903-04). Life and Culture of the Hupa. University of California Publications in American Archaeology & Ethnology 1(1). Berkeley: University of California Press.",
TRUK,Truk,27490,B-82-1,Ward H. Goodenough,1951,"Property, Kin and Community on Truk",,,Yale University Press,"New Haven, CT",,,"Goodenough, W. H. (1951). Property, Kin and Community on Truk. New Haven: Yale University Press.",
N INDIA,,,,John Gorella,1951,Folk Music of Pakistan [Liner notes],"Folk Music of Pakistan. Ethnic Folkways Library FE4425, 1951","Ralph Rinzler Folklife Archives and Collections, Smithsonian Center for Folklife and Cultural Heritage. http://www.folklife.si.edu/archive; Copy in Alan Lomax Collection, American Folklife Center, Library of Congress",Smithsonian Folkways,"Washington, D.C.",@FW1951FolkMusicOfPakistan,2C16,"Gorella, J. (1951). [Liner notes]. Folk Music of Pakistan. Folkways Records. In Ralph Rinzler Folklife Archives and Collections, Smithsonian Center for Folklife and Cultural Heritage. Retrieved from https://folkways.si.edu/folk-music-of-pakistan/central-asia-islamica-world/album/smithsonian",
TRASOSMONT,Tras-Os-Montes,27446,B-15,Michel Giacometti & Fernando Lopes Graça,1962,"Anthology of Portuguese Music, Vol. 1: Tras-Os-Montes [Liner notes]","Anthology of Portuguese Music. Ethnic Folkways Library FE 4538, C-D, 1962","Ralph Rinzler Folklife Archives and Collections, Smithsonian Center for Folklife and Cultural Heritage. http://www.folklife.si.edu/archive; Copy in Alan Lomax Collection, American Folklife Center, Library of Congress",Smithsonian Folkways,"Washington, D.C.",@FW1962AnthologyOfPortugueseMusic,7D30,"Graca, F. L. & Giacomatti, M. (1962). Anthology of Portuguese Music, Vol. 1: Tras-Os-Montes. Folkways Records. In Ralph Rinzler Folklife Archives and Collections, Smithsonian Center for Folklife and Cultural Heritage. Retrieved from https://folkways.si.edu/anthology-of-portuguese-music-vol-1-tras-os-montes-and-vol-2-algarve/world/album/smithsonian",
HAUSA,Hausa Unspecified,62528,B-61-B,Joseph H. Greenberg,1946,The Influence of Islam on a Sudanese Religion,"Monographs of the American Ethnological Society, Vol. 10",,J.J. Augustin,"New York, NY",,,"Greenberg, J. H. (1946). The Influence of Islam on a Sudanese Religion. Monographs of the American Ethnological Society, 10. New York: J.J. Augustin.",
GOND,Muria Gond,21924,,Wilfred Grigson,1938,The Maria Gonds of Bastar,,,Oxford University Press,"London, UK",,,"Grigson, W. (1938). The Maria Gonds of Bastar. London: Oxford University Press",
KAZAK,Kazakh Steppe Nomads,18294,B-32-A,Nikolaĭ Ivanovich Grodekov,1889,"The Kazakhs and Kirgiz of the Syr-Darya Oblast, Vol. 1: Juridical Life",,,The Typolithography of S. I. Lakhtin,"Tashkent, Uzbekistan",,,"Grodekov, N. I. (1889). The Kazakhs and Kirgiz of the Syr-Darya Oblast, Vol. 1: Juridical Life. Tashkent: The Typolithography of S. I. Lakhtin.",
FR URB BAR,,,B-77-B,Donald Jay Grout,1960,A History of Western Music,,,W. W. Norton & Co.,"New York, NY",,,"Grout, D. J. (1960). A History of Western Music. New York: W. W. Norton & Co.",
GER URB BAR,,,B-78-B,Donald Jay Grout,1960,A History of Western Music,,,W. W. Norton & Co.,"New York, NY",,,"Grout, D. J. (1960). A History of Western Music. New York: W. W. Norton & Co.",
IT URB BAR,,,B-79-A,Donald Jay Grout,1960,A History of Western Music,,,W. W. Norton & Co.,"New York, NY",,,"Grout, D. J. (1960). A History of Western Music. New York: W. W. Norton & Co.",
GOAJIRO,Wayuu,15973,B-52-A,Virginia Gutierrez de Pineda,1948,Organizacion social en la Guajira,"Revista del Instituto Etnologico Nacional, Vol. 3, no. 2",,Instituto Etnologico Nacional,"Bogota, Colombia",,,"Gutierrez de Pineda, V. (1948). Organizacion social en la Guajira. Revista Del Instituto Etnologico Nacional, 3(2).",
CHAGGA,Chagga,13388,B-27-A,Bruno Gutmann,1926,Chagga Law,"Arbeiten fur Entwicklungspsychologie, no. 7",,C. H. Beck,"Munich, Germany",,,"Gutmann, B. (1926). Chagga Law. Arbeiten fur Entwicklungspsychologie, 7. Munich: C. H. Beck.",
MURRAYTORRES,Murray Islanders,21946,,Alfred C. Haddon; W. H. R. Rivers; C. G. Seligman; Charles S. Myers; William McDougall; Sidney Herbert Ray; Anthony Wilkin,1908,"Report of the Cambridge Anthropological Expedition to the Torres Straits, Vol. V: Sociology, Magic and Religion of the Western Islanders",,,Cambridge University Press,"Cambridge, UK",,,"Haddon, A.C., Rivers, W. H. R., Seligman, C. G., Myers, C. S., McDougall, W., Ray, S. H., & Wilkin, A. (1908). Report of the Cambridge Anthropological Expedition to the Torres Straits, Vol. V: Sociology, Magic and Religion of the Western Islanders. Cambridge: Cambridge University Press",
MURRAYTORRES,Murray Islanders,21946,,Alfred C. Haddon; W. H. R. Rivers; C. G. Seligman; Charles S. Myers; William McDougall; Sidney Herbert Ray; Anthony Wilkin,1908,"Report of the Cambridge Anthropological Expedition to the Torres Straits, Vol. VI: Sociology, Magic and Religion of the Eastern Islanders",,,Cambridge University Press,"Cambridge, UK",,,"Haddon, A.C., Rivers, W. H. R., Seligman, C. G., Myers, C. S., McDougall, W., Ray, S. H., & Wilkin, A. (1908). Report of the Cambridge Anthropological Expedition to the Torres Straits, Vol. VI: Sociology, Magic and Religion of the Eastern Islanders. Cambridge: Cambridge University Press",
MURRAYTORRES,Murray Islanders,21946,,Alfred C. Haddon; W. H. R. Rivers; C. G. Seligman; Charles S. Myers; William McDougall; Sidney Herbert Ray; Anthony Wilkin,1912,"Report of the Cambridge Anthropological Expedition to the Torres Straits, Vol. IV: Arts & Crafts",,,Cambridge University Press,"Cambridge, UK",,,"Haddon, A.C., Rivers, W. H. R., Seligman, C. G., Myers, C. S., McDougall, W., Ray, S. H., & Wilkin, A. (1912). Report of the Cambridge Anthropological Expedition to the Torres Straits, Vol. IV: Arts & Crafts. Cambridge: Cambridge University Press",
MARQUESAS,Marquesas,20901,B-86-C,E.S. Craighill Handy,1923,The Native Culture in the Marquesas,"B. P. Bishop Museum Bulletin, 9",,B. P. Bishop Museum,"Honolulu, HI",,,"Handy, E. S. C. (1923). The Native Culture in the Marquesas. B. P. Bishop Museum Bulletin, 9.",
MARQUESAS,Marquesas,20901,B-86-B,E.S. Craighill Hand & Jane Lathrop Winne,1925,Music in the Marquesas Islands,"B. P. Bishop Museum Bulletin, 17",,B. P. Bishop Museum,"Honolulu, HI",,,"Handy, E. S. C. & Winne, J. L.  (1925). Music in the Marquesas Islands. B. P. Bishop Museum Bulletin, 17.",
HUNGARY,Hungary Folk,16919,B-64-1,Victor Egon Hanzeli,1955,The Hungarians,"Subcontractor's monograph, HRAF-5: Indiana University Graduate Program in Uralic and Asian Studies",,Human Relations Area Files,"New Haven, CT",,,"Hanzeli, V. E., & Indiana University. (1955). The Hungarians. Subcontractor's monograph, HRAF-5: Indiana University Graduate Program in Uralic and Asian Studies. New Haven: Human Relations Area Files.",
HAUSA,Hausa Zazzagawa,62527,B-61-C,Malam Hassan & Malam Shuaibu,1952,A Chronicle of Abuja,,,Ibadan University Press,"Ibadan, Nigeria",,,"Hassan, M. & Shuaibu, M. (1952). A Chronicle of Abuja. (F. Heath, trans.) Ibadan: Ibadan University Press.",
GILYAK,Nivkh,15907,,Charles Henry Hawes,1903,In the Uttermost East,,,Harper,"London, UK",,,"Hawes, C. H. (1903). In the Uttermost East. London: Harper.",
TIBET,Tibetans,27028,B-38-E,Matthias Hermanns,1948,The A Mdo Pa Greater Tibetans: The Socio-economic basis of the Pastoral Cultures of Inner Asia,,,Philosophische Fakultät der Universität Freiburg in der Schweiz,"Freiburg, Switzerland",,,"Hermanns, M. (1948). The A Mdo Pa Greater Tibetans: The Socio-economic basis of the Pastoral Cultures of Inner Asia. Freiburg: Philosophische Fakultät der Universität Freiburg in der Schweiz",
EGYPTANCIENT,Ancient Egypt,11049,,Hans Hickmann,1956,"45 siècles de musique dans l'Égypte ancienne : à travers la sculpture, la peinture, l'instrument",,,"La Revue Musicale, Richard-Masse, Editeurs","Paris, France",,,"Hickmann, H. (1956). 45 siècles de musique dans l'Égypte ancienne : à travers la sculpture, la peinture, l'instrument. Paris: La Revue Musicale, Richard-Masse, Editeurs.",
VIETNAM,Kinh (Vietnamese),28271,B-70-4,Hoàng-Yèn,1919,"La musique a Hué, Dòn-Nguyet et Dòn-Tranh [The music of Hué, Don-Nguyet and Don-Tranh]","Bulletin des Amis du Vieux Hué, 6",,Imprimerie d'Extreme-Orient,"Hanoi-Haiphong, Vietnam",,,"Hoàng-Yèn. (1919). La musique a Hué, Dòn-Nguyet et Dòn-Tranh. Bulletin des Amis du Vieux Hué, 6, 233-387. Hanoi-Haiphong: Imprimerie d'Extreme-Orient. (See also translation: The music of Hué, Don-Nguyet and Don-Tranh. (1953). K. Botsford, trans. New Haven: HRAF).",
TUAREGHOG,Tuareg,27545,,Finola & Geoffrey Holiday,1960,Tuareg Music of the Southern Sahara [Liner notes],"Tuareg Music of the Southern Sahara. Folkways Records FE4470, 1960","Ralph Rinzler Folklife Archives and Collections, Smithsonian Center for Folklife and Cultural Heritage. http://www.folklife.si.edu/archive; Copy in Alan Lomax Collection, American Folklife Center, Library of Congress",Smithsonian Folkways,"Washington, D.C.",@FW1960TuaregMusicOfSouthernSahara,4A30,"Holliday, F. & Holliday, G. (1960). [Liner notes]. Tuareg Music of the Southern Sahara. Folkways Records. In Ralph Rinzler Folklife Archives and Collections, Smithsonian Center for Folklife and Cultural Heritage. Retrieved from https://folkways.si.edu/tuareg-music-of-the-southern-sahara",
BAHIMA,Bahima,11342,B-18,Terrance & Elizabeth Hopkins,1962-63,Hopkins Recordings from Uganda 1962-1963 [Liner notes],Hopkins Recordings from Uganda 1962-1963,"Copy in Alan Lomax Collection, American Folklife Center, Library of Congress",Previously unpublished,,,T1245; T1246,"Hopkins, T. & Hopkins, E. (1962-63). [Liner notes]. Hopkins Recordings from Uganda 1962-1963. In Alan Lomax Collection, American Folklife Center, Library of Congress.",
SOLOMON,,,,Walter George Ivens,1927,Melanesians of the South-East Solomon Islands,,,"Kegan Paul, Trench, Trubner","London, UK",,,"Ivens, W. G. (1927). Melanesians of the South-East Solomon Islands. London: Kegan Paul, Trench, Trubner.",
ARAUCANIANS,Mapuche,10814,,Karl Gustav Izikowitz,1935,Musical and other sound instruments of the south American Indians: A comparative ethnographical study.,,,Elanders Boktryckeri,"Göteborg, Sweden",,,"Izikowitz, K. G. (1935). Musical and other sound instruments of the south American Indians: A comparative ethnographical study. Göteborg: Elanders Boktryckeri.",
CAMAYURA,Kamayurá,13102,,Karl Gustav Izikowitz,1935,Musical and other sound instruments of the south American Indians: A comparative ethnographical study.,,,Elanders Boktryckeri,"Göteborg, Sweden",,,"Izikowitz, K. G. (1935). Musical and other sound instruments of the south American Indians: A comparative ethnographical study. Göteborg: Elanders Boktryckeri.",
CAYAPA,Chachi,13300,,Karl Gustav Izikowitz,1935,Musical and other sound instruments of the south American Indians: A comparative ethnographical study.,,,Elanders Boktryckeri,"Göteborg, Sweden",,,"Izikowitz, K. G. (1935). Musical and other sound instruments of the south American Indians: A comparative ethnographical study. Göteborg: Elanders Boktryckeri.",
JIVARO,Jivaro,17667,,Karl Gustav Izikowitz,1935,Musical and other sound instruments of the south American Indians: A comparative ethnographical study.,,,Elanders Boktryckeri,"Göteborg, Sweden",,,"Izikowitz, K. G. (1935). Musical and other sound instruments of the south American Indians: A comparative ethnographical study. Göteborg: Elanders Boktryckeri.",
QUECHUA,S Peruvian Quechua,24091,,Karl Gustav Izikowitz,1935,Musical and other sound instruments of the south American Indians: A comparative ethnographical study.,,,Elanders Boktryckeri,"Göteborg, Sweden",,,"Izikowitz, K. G. (1935). Musical and other sound instruments of the south American Indians: A comparative ethnographical study. Göteborg: Elanders Boktryckeri.",
YAGUA,Yagua,28843,,Karl Gustav Izikowitz,1935,Musical and other sound instruments of the south American Indians: A comparative ethnographical study.,,,Elanders Boktryckeri,"Göteborg, Sweden",,,"Izikowitz, K. G. (1935). Musical and other sound instruments of the south American Indians: A comparative ethnographical study. Göteborg: Elanders Boktryckeri.",
N INDIA,,,,S. K Jain,1965,Wooden Musical Instruments of the Gonds of Central India,"Ethnomusicology, vol. 9 no. 1",,University of Illinois Press,,,,"Jain, S. K.  (1965). Wooden Musical Instruments of the Gonds of Central India. Ethnomusicology, 9(1), 39-42. doi:10.2307/850416",
BONTOK,Bontoc,30140,B-42-A,Albert Ernest Jenks,1905,The Bontoc Igorot,"Ethnological Survey Publications, Vol. 1",,,"Manila, Philippines",,,"Jenks, A. (1905). The Bontoc Igorot. Ethnological Survey Publications, 1.",
YAKUT,Yakut,28898,B-30-A,Waldemar Jochelson,1933,The Yakut,Anthropological Papers of the American Museum of Natural History 33,,American Museum of Natural History,"New York, NY",,,"Jochelson, W. (1933). The Yakut. Anthropological Papers of the American Museum of Natural History, 33. New York: American Museum of Natural History.",
YORUBA,Yoruba,29107,B-34-C,Samuel Johnson,1921,The History of the Yoruba from the Earliest Times to the Beginning of the British Protectorate,,,"George Routledge & Sons, Ltd.","London, UK",,,"Johnson, S. (1921). The History of the Yoruba from the Earliest Times to the Beginning of the British Protectorate. (O. Johnson, Ed.). London: George Routledge & Sons, Ltd.",
HUNGARY,Hungary Folk,16919,B-64-4,Alexander F. Károlyi,1939,"Hungarian Pageant: Life, Customs and Art of the Hungarian Peasantry",,,Dr. George Vajna & Co,"Budapest, Hungary",,,"Károlyi, A. F. (1939). Hungarian Pageant: Life, Customs and Art of the Hungarian Peasantry. Budapest: Dr. George Vajna & Co.",
JIVARO,Jivaro,17667,,Rafael Karsten,1935,The head-hunters of western Amazonas: The life and culture of the Jibaro Indians of eastern Ecuador,,,Centraltryckeriet,"Helsinki, Finland",,,"Karsten, R. (1935). The head-hunters of western Amazonas: The life and culture of the Jibaro Indians of eastern Ecuador. Helsinki: Centraltryckeriet.",
LAPPS,W Sáami,19702,B-28-C,Rafael Karsten,1955,The Religion of the Samek: Ancient Beliefs and Cults of the Scandinavian and Finnish Lapps,,,E.J. Brill,"Leiden, Netherlands",,,"Karsten, R. (1955). The Religion of the Samek: Ancient Beliefs and Cults of the Scandinavian and Finnish Lapps. Leiden: E.J. Brill.",
LAPPS,W Sáami,19702,B-28-B,Richard Karutz,1925,"Atlas der Völkerkunde, Vol. II: Die Völker Europas",,,Franckh'sche Verlagsbuchhandlung,"Stuttgart, Germany",,,"Karutz, R. (1925). Atlas der Völkerkunde, Vol. II: Die Völker Europas. Stuttgart: Franckh'sche Verlagsbuchhandlung.",
TIBET,Tibetans,27028,B-38-C,Ekai Kawaguchi,1909,Three Years in Tibet,,,The Theosophist Office,"Chennai, India",,,"Kawaguchi, E. (1909). Three Years in Tibet. Chennai: The Theosophist Office.",
QUECHUA,S Peruvian Quechua,24091,,Bernard Keiler,1962,Instruments and Music of Indians of Bolivia [Liner notes].,"Instruments and Music of Indians of Bolivia, Folkways Records FM 4012.","Ralph Rinzler Folklife Archives and Collections, Smithsonian Center for Folklife and Cultural Heritage. http://www.folklife.si.edu/archive; Copy in Alan Lomax Collection, American Folklife Center, Library of Congress",Smithsonian Folkways,"Washington, D.C.",,,"Keiler, B. (1962). [Liner notes]. In Instruments and Music of Indians of Bolivia [LP]. Folkways Records. In Ralph Rinzler Folklife Archives and Collections, Smithsonian Center for Folklife and Cultural Heritage. Retrieved from https://folkways.si.edu/instruments-and-music-of-indians-of-bolivia/american-indian-world/album/smithsonian",
PONDO,Pondo Xhosa,23882,,Percival Kirby,1953,The Musical Instruments of the Native Races of South Africa,,,Witwatersrand University Press,"Johannesburg, South Africa",,,"Kirby, P. (1953). The Musical Instruments of the Native Races of South Africa. Johannesburg: Witwatersrand University Press.",
SWAZI,Swazi,19023,,Percival Kirby,1953,The Musical Instruments of the Native Races of South Africa,,,Witwatersrand University Press,"Johannesburg, South Africa",,,"Kirby, P. (1953). The Musical Instruments of the Native Races of South Africa. Johannesburg: Witwatersrand University Press.",
THONGA,,,,Percival Kirby,1953,The Musical Instruments of the Native Races of South Africa,,,Witwatersrand University Press,"Johannesburg, South Africa",,,"Kirby, P. (1953). The Musical Instruments of the Native Races of South Africa. Johannesburg: Witwatersrand University Press.",
XHOSA,Xhosa,28810,,Percival Kirby,1953,The Musical Instruments of the Native Races of South Africa,,,Witwatersrand University Press,"Johannesburg, South Africa",,,"Kirby, P. (1953). The Musical Instruments of the Native Races of South Africa. Johannesburg: Witwatersrand University Press.",
ZULU,Zulu,29360,,Percival Kirby,1953,The Musical Instruments of the Native Races of South Africa,,,Witwatersrand University Press,"Johannesburg, South Africa",,,"Kirby, P. (1953). The Musical Instruments of the Native Races of South Africa. Johannesburg: Witwatersrand University Press.",
VIETNAM,Kinh (Vietnamese),28271,,Gaston Knosp,1912,Rapport sur une missione officielle d'etude musicale en Indochine,"Bulletin de l'Ecole française d'Extrême-Orient, 12",,,"Paris, France",,,"Knosp, G. (1912). Rapport sur une missione officielle d'etude musicale en Indochine. Bulletin de l'Ecole française d'Extrême-Orient, 12, 18-21.",
HUNGARY URBAN,,,,Zoltán Kodály,1960,Folk Music of Hungary,,,Barrie and Rockliff,"London, UK",,,"Kodály, Z. (1960). Folk Music of Hungary. London: Barrie and Rockliff",
MORAVIA,Moravian,21693,B-67-B,Jindrich Kovani,1963,Catalogue of the Exhibition of Folk Instruments in the Area Center for Folk Art at Straznice,,,,,,,"Kovani, J. (Ed.) (1963). Catalogue of the Exhibition of Folk Instruments in the Area Center for Folk Art at Straznice. (M. Vizdom, Trans.)",
SLOVAKIA,Slovakia,25752,B-67-A,Jindrich Kovani,1963,Catalogue of the Exhibition of Folk Instruments in the Area Center for Folk Art at Straznice,,,,,,,"Kovani, J. (Ed.) (1963). Catalogue of the Exhibition of Folk Instruments in the Area Center for Folk Art at Straznice. (M. Vizdom, Trans.)",
GILYAK,Nivkh,15907,,E. A. Kreinovich,1935,Okhota na belckhu uriliakov clerevini Puir (Hunting of the Beluga by the Gilyaks of the Village of Puir),"Sovetskaia etnografiia, 2",,Akademiia Nauk SSSR,"Moscow, Russia",,,"Kreinovich, E. A. (1935). Okhota na belckhu uriliakov clerevini Puir. Sovetskaia etnografiia, 2. Moscow: Akademiia Nauk SSSR.",
BULGARIA,,,,Boris Kremenliev,1952,Bulgarian-Macedonian Folk Music,,,University of California Press,"Berkeley, CA and Los Angeles, CA",,,"Kremenliev, B. (1952). Bulgarian-Macedonian Folk Music. Berkeley and Los Angeles: University of California Press.",
SOFIA DIST,Sofia District,12761,,Boris Kremenliev,1952,Bulgarian-Macedonian Folk Music,,,University of California Press,"Berkeley, CA and Los Angeles, CA",,,"Kremenliev, B. (1952). Bulgarian-Macedonian Folk Music. Berkeley and Los Angeles: University of California Press.",
CUNA,Guna,14235,B-55-E,Herbert W. Krieger,1926,"Material culture of the people of southeastern Panama, based on specimens in the United States National Museum",Bulletin of the United States National Museum 134,,Smithsonian Institution,"Washington, D.C.",,,"Krieger, H.W. (1926). Material culture of the people of southeastern Panama, based on specimens in the United States National Museum. Bulletin of the United States National Museum, 134, 1-141.",
POMO,,,B-49-A,Alfred L. Kroeber,1953,Handbook of Indians of California,Bureau of American Ethnology Bulletin 78,,California Book Company,"Berkeley, CA",,,"Kroeber, A. L. (1953). Handbook of Indians of California. Bureau of American Ethnology Bulletin 78. Berkeley: California Book Company.",
JAVA,South Jakarta,17557,,Jaap Kunst,1949,"Music in Java, Vol. 1 and 2",,,Nijhoff,"The Hague, Netherlands",,,"Kunst, J. (1949). Music in Java, Vol. 1 and 2. The Hague: Nijhoff.",
BRI URB BAR,,,B-76-A,Paul H. Lang,1941,Music in Western Civilization,,,W. W. Norton & Co.,"New York, NY",,,"Lang, P. H. (1941). Music in Western Civilization. New York: W. W. Norton & Co.",
YORUBA,Yoruba,29107,B-34-D,H. H. Laoye,1954,Yoruba Drums,"Nigeria Magazine, 45",,Government of Nigeria,"Lagos, Nigeria",,,"Laoye, H. H. (1954). Yoruba Drums. Nigeria Magazine, 45. Lagos: Government of Nigeria.",
